"Label (Grouping)","Mesa city, Arizona!!Total!!Estimate","Mesa city, Arizona!!Male!!Estimate","Mesa city, Arizona!!Female!!Estimate","Phoenix city, Arizona!!Total!!Estimate","Phoenix city, Arizona!!Male!!Estimate","Phoenix city, Arizona!!Female!!Estimate","Tucson city, Arizona!!Total!!Estimate","Tucson city, Arizona!!Male!!Estimate","Tucson city, Arizona!!Female!!Estimate","Fresno city, California!!Total!!Estimate","Fresno city, California!!Male!!Estimate","Fresno city, California!!Female!!Estimate","Los Angeles city, California!!Total!!Estimate","Los Angeles city, California!!Male!!Estimate","Los Angeles city, California!!Female!!Estimate","Oakland city, California!!Total!!Estimate","Oakland city, California!!Male!!Estimate","Oakland city, California!!Female!!Estimate","Sacramento city, California!!Total!!Estimate","Sacramento city, California!!Male!!Estimate","Sacramento city, California!!Female!!Estimate","San Diego city, California!!Total!!Estimate","San Diego city, California!!Male!!Estimate","San Diego city, California!!Female!!Estimate","San Francisco city, California!!Total!!Estimate","San Francisco city, California!!Male!!Estimate","San Francisco city, California!!Female!!Estimate","San Jose city, California!!Total!!Estimate","San Jose city, California!!Male!!Estimate","San Jose city, California!!Female!!Estimate","Denver city, Colorado!!Total!!Estimate","Denver city, Colorado!!Male!!Estimate","Denver city, Colorado!!Female!!Estimate","Washington city, District of Columbia!!Total!!Estimate","Washington city, District of Columbia!!Male!!Estimate","Washington city, District of Columbia!!Female!!Estimate","Jacksonville city, Florida!!Total!!Estimate","Jacksonville city, Florida!!Male!!Estimate","Jacksonville city, Florida!!Female!!Estimate","Miami city, Florida!!Total!!Estimate","Miami city, Florida!!Male!!Estimate","Miami city, Florida!!Female!!Estimate","Orlando city, Florida!!Total!!Estimate","Orlando city, Florida!!Male!!Estimate","Orlando city, Florida!!Female!!Estimate","Tampa city, Florida!!Total!!Estimate","Tampa city, Florida!!Male!!Estimate","Tampa city, Florida!!Female!!Estimate","Atlanta city, Georgia!!Total!!Estimate","Atlanta city, Georgia!!Male!!Estimate","Atlanta city, Georgia!!Female!!Estimate","Chicago city, Illinois!!Total!!Estimate","Chicago city, Illinois!!Male!!Estimate","Chicago city, Illinois!!Female!!Estimate","Indianapolis city (balance), Indiana!!Total!!Estimate","Indianapolis city (balance), Indiana!!Male!!Estimate","Indianapolis city (balance), Indiana!!Female!!Estimate","Wichita city, Kansas!!Total!!Estimate","Wichita city, Kansas!!Male!!Estimate","Wichita city, Kansas!!Female!!Estimate","New Orleans city, Louisiana!!Total!!Estimate","New Orleans city, Louisiana!!Male!!Estimate","New Orleans city, Louisiana!!Female!!Estimate","Baltimore city, Maryland!!Total!!Estimate","Baltimore city, Maryland!!Male!!Estimate","Baltimore city, Maryland!!Female!!Estimate","Boston city, Massachusetts!!Total!!Estimate","Boston city, Massachusetts!!Male!!Estimate","Boston city, Massachusetts!!Female!!Estimate","Detroit city, Michigan!!Total!!Estimate","Detroit city, Michigan!!Male!!Estimate","Detroit city, Michigan!!Female!!Estimate","Minneapolis city, Minnesota!!Total!!Estimate","Minneapolis city, Minnesota!!Male!!Estimate","Minneapolis city, Minnesota!!Female!!Estimate","Newark city, New Jersey!!Total!!Estimate","Newark city, New Jersey!!Male!!Estimate","Newark city, New Jersey!!Female!!Estimate","Albuquerque city, New Mexico!!Total!!Estimate","Albuquerque city, New Mexico!!Male!!Estimate","Albuquerque city, New Mexico!!Female!!Estimate","Buffalo city, New York!!Total!!Estimate","Buffalo city, New York!!Male!!Estimate","Buffalo city, New York!!Female!!Estimate","New York city, New York!!Total!!Estimate","New York city, New York!!Male!!Estimate","New York city, New York!!Female!!Estimate","Charlotte city, North Carolina!!Total!!Estimate","Charlotte city, North Carolina!!Male!!Estimate","Charlotte city, North Carolina!!Female!!Estimate","Raleigh city, North Carolina!!Total!!Estimate","Raleigh city, North Carolina!!Male!!Estimate","Raleigh city, North Carolina!!Female!!Estimate","Cleveland city, Ohio!!Total!!Estimate","Cleveland city, Ohio!!Male!!Estimate","Cleveland city, Ohio!!Female!!Estimate","Columbus city, Ohio!!Total!!Estimate","Columbus city, Ohio!!Male!!Estimate","Columbus city, Ohio!!Female!!Estimate","Oklahoma City city, Oklahoma!!Total!!Estimate","Oklahoma City city, Oklahoma!!Male!!Estimate","Oklahoma City city, Oklahoma!!Female!!Estimate","Tulsa city, Oklahoma!!Total!!Estimate","Tulsa city, Oklahoma!!Male!!Estimate","Tulsa city, Oklahoma!!Female!!Estimate","Portland city, Oregon!!Total!!Estimate","Portland city, Oregon!!Male!!Estimate","Portland city, Oregon!!Female!!Estimate","Pittsburgh city, Pennsylvania!!Total!!Estimate","Pittsburgh city, Pennsylvania!!Male!!Estimate","Pittsburgh city, Pennsylvania!!Female!!Estimate","Arlington city, Texas!!Total!!Estimate","Arlington city, Texas!!Male!!Estimate","Arlington city, Texas!!Female!!Estimate","Austin city, Texas!!Total!!Estimate","Austin city, Texas!!Male!!Estimate","Austin city, Texas!!Female!!Estimate","Dallas city, Texas!!Total!!Estimate","Dallas city, Texas!!Male!!Estimate","Dallas city, Texas!!Female!!Estimate","El Paso city, Texas!!Total!!Estimate","El Paso city, Texas!!Male!!Estimate","El Paso city, Texas!!Female!!Estimate","Fort Worth city, Texas!!Total!!Estimate","Fort Worth city, Texas!!Male!!Estimate","Fort Worth city, Texas!!Female!!Estimate","Houston city, Texas!!Total!!Estimate","Houston city, Texas!!Male!!Estimate","Houston city, Texas!!Female!!Estimate","San Antonio city, Texas!!Total!!Estimate","San Antonio city, Texas!!Male!!Estimate","San Antonio city, Texas!!Female!!Estimate","Salt Lake City city, Utah!!Total!!Estimate","Salt Lake City city, Utah!!Male!!Estimate","Salt Lake City city, Utah!!Female!!Estimate","Seattle city, Washington!!Total!!Estimate","Seattle city, Washington!!Male!!Estimate","Seattle city, Washington!!Female!!Estimate","Milwaukee city, Wisconsin!!Total!!Estimate","Milwaukee city, Wisconsin!!Male!!Estimate","Milwaukee city, Wisconsin!!Female!!Estimate"
"Population 18 to 24 years","47,292","24,805","22,487","148,184","76,656","71,528","78,229","40,340","37,889","60,911","30,120","30,791","433,064","217,838","215,226","34,889","17,979","16,910","51,146","24,344","26,802","176,827","98,209","78,618","77,868","37,292","40,576","93,275","50,678","42,597","62,522","30,810","31,712","86,362","38,532","47,830","86,887","43,824","43,063","35,170","18,037","17,133","30,253","16,219","14,034","37,553","18,463","19,090","64,414","31,334","33,080","301,289","150,531","150,758","87,605","42,222","45,383","39,458","19,329","20,129","44,670","21,483","23,187","78,129","36,794","41,335","121,769","57,450","64,319","80,366","39,274","41,092","58,676","28,551","30,125","31,763","16,313","15,450","57,631","28,240","29,391","36,970","18,196","18,774","871,496","428,352","443,144","73,566","35,696","37,870","57,825","29,286","28,539","43,088","20,416","22,672","107,074","52,427","54,647","56,801","27,759","29,042","41,103","20,311","20,792","60,386","28,960","31,426","54,777","24,467","30,310","42,429","21,992","20,437","114,518","58,529","55,989","126,382","64,848","61,534","73,538","36,528","37,010","75,354","38,504","36,850","227,777","116,106","111,671","152,095","76,144","75,951","24,999","11,340","13,659","71,575","33,897","37,678","80,625","40,096","40,529"
"Less than high school graduate","20.4%","21.9%","18.8%","23.3%","26.1%","20.4%","15.4%","19.7%","10.8%","23.5%","27.7%","19.5%","20.4%","24.4%","16.3%","21.4%","27.5%","14.8%","20.5%","23.9%","17.4%","8.6%","8.5%","8.8%","10.1%","10.7%","9.6%","15.3%","16.4%","13.9%","17.6%","19.0%","16.2%","12.1%","15.9%","9.0%","15.8%","15.2%","16.5%","28.9%","39.6%","17.7%","21.7%","22.4%","20.9%","15.9%","17.1%","14.6%","13.5%","18.5%","8.8%","19.1%","23.7%","14.6%","25.9%","30.9%","21.2%","18.1%","19.5%","16.6%","19.1%","21.2%","17.1%","19.7%","22.8%","16.9%","7.3%","10.8%","4.2%","27.5%","32.7%","22.5%","9.4%","9.8%","9.0%","23.7%","26.9%","20.3%","13.3%","15.4%","11.2%","18.7%","22.5%","14.9%","18.7%","23.0%","14.6%","18.0%","23.3%","13.1%","12.3%","16.2%","8.3%","31.7%","34.9%","28.8%","14.1%","16.5%","11.9%","19.3%","24.7%","14.2%","21.7%","24.7%","18.7%","15.5%","18.3%","12.8%","3.8%","5.6%","2.4%","19.7%","20.7%","18.6%","14.3%","16.5%","12.0%","29.4%","36.2%","22.2%","16.8%","16.5%","17.1%","19.8%","23.4%","16.0%","23.6%","29.7%","17.3%","19.9%","21.3%","18.4%","12.1%","13.7%","10.8%","7.9%","8.6%","7.1%","18.8%","23.7%","14.0%"
"High school graduate (includes equivalency)","26.9%","31.9%","21.4%","34.0%","36.5%","31.4%","26.0%","26.3%","25.7%","24.5%","24.2%","24.8%","23.8%","23.8%","23.8%","25.8%","29.2%","22.1%","26.1%","27.1%","25.1%","23.7%","27.5%","19.0%","20.3%","19.9%","20.6%","26.0%","28.4%","23.1%","28.1%","30.5%","25.7%","20.0%","22.2%","18.2%","32.9%","38.2%","27.6%","35.3%","31.8%","39.0%","26.7%","33.1%","19.4%","39.8%","39.6%","39.9%","22.8%","21.1%","24.4%","25.4%","28.0%","22.9%","26.2%","28.1%","24.4%","28.4%","30.6%","26.2%","26.1%","28.7%","23.7%","31.1%","31.0%","31.2%","18.8%","20.2%","17.5%","32.6%","36.2%","29.2%","13.9%","16.8%","11.2%","38.2%","35.5%","40.9%","30.1%","33.0%","27.3%","29.0%","31.9%","26.2%","23.1%","24.8%","21.5%","25.5%","26.1%","25.0%","13.9%","17.4%","10.3%","31.2%","31.2%","31.2%","22.5%","22.5%","22.4%","30.4%","35.3%","25.7%","29.3%","31.5%","27.1%","18.0%","20.4%","15.8%","22.2%","24.1%","20.6%","29.2%","28.2%","30.3%","21.7%","23.1%","20.2%","26.2%","25.6%","26.8%","32.1%","32.7%","31.6%","30.9%","31.5%","30.2%","28.7%","28.3%","29.1%","30.8%","34.2%","27.3%","19.1%","19.5%","18.7%","16.5%","16.8%","16.3%","24.7%","26.5%","23.0%"
"Some college or associate's degree","44.9%","42.7%","47.4%","37.9%","34.3%","41.8%","51.3%","46.9%","55.9%","47.0%","44.5%","49.3%","45.3%","42.6%","48.0%","41.6%","35.1%","48.6%","44.5%","41.1%","47.6%","55.0%","52.7%","57.9%","44.7%","46.1%","43.5%","48.0%","47.2%","49.0%","33.2%","34.2%","32.2%","39.5%","36.5%","42.0%","42.9%","37.8%","48.2%","28.0%","23.2%","33.0%","41.2%","35.8%","47.4%","34.7%","33.4%","36.0%","48.9%","46.8%","51.0%","38.6%","34.1%","43.0%","37.4%","31.2%","43.2%","44.1%","42.3%","45.8%","39.9%","32.7%","46.6%","36.3%","36.4%","36.2%","52.6%","48.1%","56.7%","36.2%","28.6%","43.5%","58.5%","56.5%","60.5%","33.6%","33.0%","34.2%","48.1%","45.1%","50.9%","40.9%","36.8%","44.8%","40.6%","39.1%","42.1%","45.3%","43.1%","47.3%","59.6%","58.8%","60.5%","32.7%","30.3%","34.9%","50.3%","47.9%","52.6%","42.1%","33.9%","50.0%","41.4%","35.3%","47.3%","53.7%","52.7%","54.7%","51.0%","46.3%","54.8%","42.0%","38.6%","45.7%","50.6%","47.1%","54.2%","33.2%","28.3%","38.4%","45.9%","44.5%","47.4%","40.5%","37.2%","43.8%","37.1%","32.8%","41.6%","44.3%","40.7%","48.0%","59.0%","59.9%","58.3%","53.8%","56.3%","51.5%","46.9%","42.1%","51.7%"
"Bachelor's degree or higher","7.7%","3.5%","12.4%","4.7%","3.1%","6.4%","7.3%","7.1%","7.6%","5.0%","3.6%","6.3%","10.5%","9.2%","11.9%","11.2%","8.2%","14.4%","9.0%","7.9%","9.9%","12.6%","11.3%","14.3%","24.9%","23.3%","26.3%","10.8%","8.0%","14.0%","21.2%","16.4%","25.9%","28.4%","25.4%","30.8%","8.3%","8.9%","7.7%","7.8%","5.5%","10.3%","10.4%","8.7%","12.3%","9.7%","9.8%","9.5%","14.7%","13.6%","15.8%","16.9%","14.2%","19.5%","10.5%","9.8%","11.1%","9.5%","7.6%","11.3%","14.9%","17.4%","12.6%","13.0%","9.9%","15.7%","21.3%","20.9%","21.6%","3.7%","2.5%","4.8%","18.1%","16.9%","19.3%","4.6%","4.6%","4.5%","8.5%","6.4%","10.6%","11.5%","8.7%","14.1%","17.6%","13.2%","21.9%","11.2%","7.5%","14.6%","14.2%","7.6%","20.9%","4.4%","3.6%","5.1%","13.1%","13.0%","13.1%","8.2%","6.2%","10.0%","7.7%","8.5%","6.8%","12.8%","8.6%","16.7%","23.0%","24.1%","22.1%","9.1%","12.5%","5.4%","13.4%","13.2%","13.6%","11.2%","9.9%","12.6%","5.2%","6.4%","4.0%","8.9%","7.8%","10.0%","10.6%","9.2%","12.0%","5.0%","3.8%","6.3%","9.8%","6.9%","12.2%","21.9%","18.3%","25.1%","9.5%","7.6%","11.3%"
"Population 25 years and over","280,903","135,658","145,245","897,881","443,967","453,914","324,394","158,591","165,803","282,811","135,507","147,304","2,481,239","1,208,849","1,272,390","271,827","132,921","138,906","300,055","142,243","157,812","846,292","419,591","426,701","620,010","316,326","303,684","622,709","307,528","315,181","412,273","205,893","206,380","416,824","195,701","221,123","540,786","256,650","284,136","292,018","141,746","150,272","157,594","76,064","81,530","219,892","104,998","114,894","277,427","135,002","142,425","1,765,972","838,153","927,819","529,770","250,520","279,250","242,406","119,154","123,252","229,330","109,435","119,895","409,515","188,180","221,335","396,455","186,377","210,078","442,004","201,537","240,467","252,767","129,113","123,654","172,532","85,558","86,974","358,566","170,981","187,585","164,794","76,122","88,672","5,548,124","2,558,815","2,989,309","474,405","222,283","252,122","256,759","119,036","137,723","259,573","123,438","136,135","495,878","235,668","260,210","378,883","184,853","194,030","256,293","120,473","135,820","410,687","201,780","208,907","197,193","94,328","102,865","222,302","107,342","114,960","502,032","252,561","249,471","759,848","378,344","381,504","392,821","182,043","210,778","453,331","218,662","234,669","1,337,138","666,359","670,779","826,467","392,171","434,296","116,013","57,381","58,632","443,842","220,565","223,277","356,525","166,893","189,632"
"Less than 9th grade","6.0%","6.1%","6.0%","9.3%","9.2%","9.4%","7.2%","7.3%","7.1%","14.9%","16.0%","13.8%","16.1%","15.5%","16.6%","11.8%","11.3%","12.3%","8.8%","8.8%","8.9%","6.6%","5.4%","7.9%","8.5%","6.7%","10.3%","9.9%","9.0%","10.7%","7.7%","7.4%","8.1%","4.7%","5.3%","4.2%","3.8%","3.9%","3.6%","19.8%","21.0%","18.6%","3.8%","4.3%","3.3%","5.7%","5.9%","5.6%","3.5%","3.7%","3.4%","9.4%","9.7%","9.1%","5.3%","5.7%","4.8%","5.3%","5.9%","4.6%","5.3%","6.5%","4.3%","8.2%","9.0%","7.5%","7.9%","7.3%","8.4%","6.2%","7.0%","5.5%","5.3%","5.6%","4.9%","16.7%","19.2%","14.3%","5.7%","5.9%","5.6%","5.8%","5.7%","5.9%","10.8%","10.5%","11.0%","5.2%","6.0%","4.6%","3.5%","3.9%","3.2%","6.0%","6.1%","5.8%","3.3%","3.4%","3.3%","6.7%","7.1%","6.3%","4.2%","5.2%","3.3%","4.3%","4.5%","4.2%","3.1%","3.4%","2.8%","7.6%","7.5%","7.7%","8.2%","9.1%","7.3%","14.6%","15.5%","13.6%","14.5%","12.1%","16.7%","10.3%","11.4%","9.3%","14.4%","15.4%","13.4%","10.1%","10.1%","10.1%","5.6%","5.5%","5.8%","3.4%","3.0%","3.9%","6.9%","7.0%","6.7%"
"9th to 12th grade, no diploma","7.3%","7.4%","7.3%","9.7%","10.2%","9.1%","8.6%","9.2%","7.9%","10.6%","10.7%","10.4%","10.0%","10.6%","9.5%","8.3%","8.6%","8.1%","9.5%","9.6%","9.3%","6.4%","6.0%","6.9%","5.6%","5.5%","5.7%","8.0%","8.8%","7.2%","8.5%","8.2%","8.8%","7.9%","8.0%","7.8%","8.6%","9.6%","7.6%","12.0%","11.5%","12.5%","8.0%","8.3%","7.7%","9.2%","9.1%","9.2%","9.6%","8.9%","10.3%","10.2%","10.8%","9.6%","11.0%","11.5%","10.5%","9.5%","9.7%","9.2%","10.5%","11.2%","9.9%","14.9%","16.1%","14.0%","6.3%","7.3%","5.4%","16.5%","18.6%","14.7%","5.5%","5.6%","5.3%","14.0%","14.4%","13.7%","6.8%","6.9%","6.7%","11.9%","12.6%","11.3%","9.6%","9.9%","9.4%","8.1%","9.3%","7.1%","4.7%","4.8%","4.7%","16.4%","17.7%","15.2%","8.3%","8.3%","8.3%","7.9%","8.2%","7.7%","9.2%","9.2%","9.1%","6.8%","7.2%","6.5%","7.3%","6.6%","7.9%","8.9%","9.7%","8.2%","6.2%","5.9%","6.6%","11.9%","12.4%","11.5%","10.1%","10.2%","10.0%","9.8%","9.8%","9.8%","11.3%","12.0%","10.6%","9.7%","10.2%","9.3%","10.9%","13.3%","8.5%","3.8%","4.6%","3.0%","12.5%","13.0%","12.0%"
"High school graduate (includes equivalency)","28.0%","28.2%","27.8%","26.1%","26.2%","26.0%","24.0%","22.8%","25.1%","22.7%","22.4%","23.0%","19.1%","19.6%","18.5%","16.9%","18.3%","15.6%","20.7%","22.1%","19.5%","16.4%","16.9%","15.9%","14.2%","13.3%","15.1%","19.0%","18.3%","19.7%","19.7%","19.7%","19.8%","20.3%","19.9%","20.6%","30.0%","30.5%","29.6%","28.5%","29.6%","27.5%","26.4%","26.7%","26.1%","28.2%","29.1%","27.3%","21.2%","21.9%","20.6%","23.3%","24.3%","22.4%","29.4%","29.7%","29.2%","26.7%","26.1%","27.4%","25.1%","25.9%","24.4%","29.5%","30.0%","29.1%","23.8%","24.4%","23.2%","32.8%","37.1%","29.3%","18.4%","19.6%","17.1%","34.8%","35.9%","33.6%","22.5%","22.6%","22.5%","28.9%","28.6%","29.2%","25.4%","25.7%","25.1%","20.4%","21.3%","19.6%","16.3%","15.3%","17.2%","34.0%","34.5%","33.6%","27.8%","29.5%","26.3%","26.0%","25.7%","26.2%","26.9%","26.7%","27.1%","17.7%","18.4%","17.1%","29.2%","29.9%","28.7%","24.4%","22.9%","25.8%","17.3%","16.2%","18.5%","22.8%","22.7%","22.9%","24.2%","24.2%","24.1%","24.4%","23.9%","24.9%","22.1%","21.9%","22.2%","25.6%","24.5%","26.7%","17.4%","17.5%","17.3%","12.1%","12.5%","11.7%","31.8%","34.8%","29.2%"
"Some college, no degree","27.5%","24.8%","30.0%","22.8%","21.8%","23.7%","27.2%","27.8%","26.6%","23.1%","22.6%","23.5%","18.3%","18.0%","18.7%","20.0%","21.2%","18.8%","25.0%","24.6%","25.4%","22.0%","22.7%","21.3%","15.6%","17.2%","14.0%","19.1%","18.4%","19.8%","18.4%","20.3%","16.6%","13.8%","12.5%","15.0%","24.7%","23.5%","25.9%","9.8%","9.8%","9.8%","21.3%","21.2%","21.3%","17.7%","15.8%","19.4%","16.6%","15.8%","17.4%","18.5%","17.7%","19.2%","20.8%","19.9%","21.5%","24.5%","25.3%","23.7%","20.9%","20.9%","20.9%","19.4%","17.4%","21.0%","13.1%","12.4%","13.6%","26.4%","24.2%","28.2%","19.3%","18.6%","20.0%","16.2%","14.9%","17.4%","26.0%","24.6%","27.3%","20.2%","18.3%","21.9%","14.9%","15.7%","14.1%","20.8%","18.4%","22.9%","21.1%","21.1%","21.0%","24.1%","23.1%","25.0%","22.0%","20.2%","23.8%","26.2%","25.9%","26.4%","24.3%","22.9%","25.5%","22.4%","22.0%","22.8%","17.5%","17.7%","17.3%","24.5%","23.6%","25.3%","19.3%","19.5%","19.2%","17.8%","16.5%","19.1%","23.3%","25.4%","21.5%","23.0%","22.3%","23.7%","19.5%","17.9%","21.0%","23.9%","23.6%","24.2%","22.0%","21.9%","22.1%","18.0%","18.9%","17.0%","21.5%","18.5%","24.2%"
"Associate's degree","8.8%","8.3%","9.2%","7.2%","7.4%","7.1%","7.8%","7.3%","8.2%","8.7%","8.3%","9.1%","5.8%","5.1%","6.4%","5.5%","5.5%","5.6%","7.8%","6.9%","8.6%","8.2%","7.5%","8.9%","5.3%","5.5%","5.1%","7.5%","7.4%","7.5%","4.7%","4.2%","5.3%","3.2%","2.9%","3.4%","9.1%","8.1%","10.0%","8.0%","6.4%","9.6%","9.1%","9.9%","8.4%","7.3%","7.1%","7.6%","4.2%","3.5%","4.8%","5.3%","4.9%","5.7%","6.9%","5.8%","8.0%","6.6%","5.8%","7.5%","5.0%","3.9%","6.0%","3.7%","3.2%","4.2%","4.6%","4.1%","5.0%","6.2%","4.5%","7.7%","7.0%","6.4%","7.6%","4.4%","2.9%","5.9%","6.9%","6.3%","7.5%","9.3%","8.0%","10.5%","6.0%","5.3%","6.5%","6.7%","4.9%","8.3%","8.1%","7.0%","9.1%","6.2%","4.9%","7.3%","6.9%","6.0%","7.6%","6.1%","4.9%","7.3%","6.5%","5.9%","7.1%","6.5%","6.6%","6.4%","7.9%","6.3%","9.4%","7.1%","7.9%","6.4%","5.3%","5.6%","4.9%","4.0%","3.6%","4.3%","6.4%","6.2%","6.6%","6.4%","5.8%","6.9%","4.5%","3.8%","5.1%","6.9%","6.9%","7.0%","6.8%","6.3%","7.2%","6.8%","6.4%","7.1%","5.9%","5.7%","6.1%"
"Bachelor's degree","15.0%","17.3%","12.9%","16.6%","16.8%","16.4%","15.2%","15.4%","15.0%","13.9%","13.2%","14.5%","20.4%","20.3%","20.4%","21.5%","20.1%","22.8%","18.1%","17.8%","18.3%","24.1%","24.1%","24.0%","31.4%","31.5%","31.3%","23.2%","22.7%","23.6%","25.4%","25.2%","25.7%","23.2%","23.3%","23.1%","17.0%","17.3%","16.7%","14.1%","12.7%","15.5%","20.6%","19.2%","21.9%","20.5%","20.1%","20.8%","27.0%","28.1%","25.9%","20.2%","19.5%","20.8%","17.6%","18.4%","16.9%","18.9%","18.3%","19.4%","19.2%","17.5%","20.6%","13.2%","14.2%","12.4%","24.5%","24.6%","24.4%","7.0%","5.4%","8.4%","28.1%","28.1%","28.1%","10.6%","9.5%","11.7%","18.2%","18.7%","17.7%","14.0%","15.0%","13.1%","19.9%","19.8%","20.1%","25.9%","26.8%","25.2%","31.3%","32.5%","30.2%","8.3%","9.0%","7.7%","21.3%","22.7%","20.0%","18.3%","19.2%","17.4%","18.5%","18.5%","18.5%","26.3%","26.1%","26.5%","18.5%","18.9%","18.1%","19.1%","19.5%","18.7%","27.5%","27.0%","28.1%","18.5%","18.2%","18.8%","14.2%","13.6%","14.8%","18.5%","18.7%","18.3%","17.4%","17.5%","17.3%","15.0%","15.0%","14.9%","21.4%","19.4%","23.4%","33.1%","31.6%","34.5%","13.9%","13.4%","14.3%"
"Graduate or professional degree","7.4%","8.0%","6.8%","8.3%","8.4%","8.2%","10.0%","10.1%","10.0%","6.2%","6.8%","5.6%","10.3%","10.8%","9.9%","15.9%","15.0%","16.8%","10.1%","10.2%","9.9%","16.3%","17.4%","15.2%","19.5%","20.3%","18.6%","13.4%","15.4%","11.5%","15.5%","15.1%","15.8%","26.9%","28.1%","25.9%","6.9%","7.2%","6.6%","7.8%","9.0%","6.6%","10.9%","10.4%","11.3%","11.5%","13.0%","10.1%","17.8%","18.1%","17.5%","13.2%","13.1%","13.2%","9.0%","9.0%","9.1%","8.6%","8.9%","8.2%","14.0%","14.0%","14.0%","11.0%","10.1%","11.7%","19.8%","19.8%","19.9%","4.9%","3.2%","6.4%","16.5%","16.0%","17.0%","3.3%","3.2%","3.4%","13.9%","15.1%","12.7%","9.9%","11.8%","8.2%","13.4%","13.1%","13.7%","12.8%","13.4%","12.3%","15.0%","15.4%","14.7%","5.0%","4.7%","5.3%","10.4%","10.0%","10.7%","8.8%","8.9%","8.8%","10.4%","11.5%","9.4%","15.9%","15.3%","16.5%","16.5%","17.2%","15.8%","8.3%","8.9%","7.8%","16.1%","16.9%","15.4%","10.4%","11.1%","9.8%","7.3%","8.3%","6.4%","7.5%","8.1%","7.0%","11.0%","11.5%","10.4%","8.8%","9.7%","7.9%","15.9%","16.1%","15.6%","22.9%","23.1%","22.8%","7.5%","7.6%","7.4%"
"Percent high school graduate or higher","86.7%","86.6%","86.8%","81.0%","80.6%","81.4%","84.2%","83.4%","85.0%","74.6%","73.3%","75.7%","73.9%","73.9%","73.9%","79.9%","80.2%","79.6%","81.7%","81.6%","81.8%","86.9%","88.6%","85.3%","85.9%","87.7%","84.0%","82.1%","82.1%","82.1%","83.8%","84.4%","83.1%","87.4%","86.8%","88.0%","87.7%","86.5%","88.8%","68.2%","67.5%","68.9%","88.2%","87.4%","89.0%","85.1%","85.1%","85.2%","86.8%","87.4%","86.3%","80.5%","79.5%","81.3%","83.8%","82.8%","84.7%","85.3%","84.4%","86.2%","84.2%","82.3%","85.9%","76.9%","74.9%","78.5%","85.8%","85.4%","86.2%","77.4%","74.4%","79.9%","89.3%","88.8%","89.8%","69.2%","66.5%","72.0%","87.5%","87.2%","87.7%","82.3%","81.6%","82.8%","79.6%","79.6%","79.6%","86.6%","84.8%","88.3%","91.7%","91.3%","92.1%","77.7%","76.2%","78.9%","88.4%","88.3%","88.4%","85.4%","84.7%","86.1%","86.7%","85.6%","87.6%","88.9%","88.4%","89.3%","89.6%","89.9%","89.3%","83.5%","82.8%","84.1%","85.6%","85.1%","86.1%","73.5%","72.0%","75.0%","75.4%","77.7%","73.4%","79.9%","78.8%","80.9%","74.3%","72.7%","76.0%","80.2%","79.7%","80.6%","83.5%","81.2%","85.7%","92.8%","92.5%","93.2%","80.6%","80.0%","81.2%"
"Percent bachelor's degree or higher","22.5%","25.4%","19.7%","24.9%","25.2%","24.7%","25.2%","25.5%","25.0%","20.1%","20.0%","20.1%","30.7%","31.1%","30.3%","37.4%","35.1%","39.6%","28.1%","28.0%","28.2%","40.3%","41.5%","39.2%","50.9%","51.8%","49.9%","36.6%","38.1%","35.1%","40.9%","40.3%","41.5%","50.1%","51.4%","48.9%","23.8%","24.5%","23.3%","21.9%","21.7%","22.1%","31.5%","29.6%","33.2%","31.9%","33.1%","30.8%","44.8%","46.2%","43.4%","33.3%","32.6%","34.0%","26.7%","27.4%","26.0%","27.4%","27.3%","27.6%","33.1%","31.5%","34.6%","24.2%","24.3%","24.2%","44.3%","44.4%","44.3%","12.0%","8.6%","14.8%","44.6%","44.1%","45.1%","13.9%","12.7%","15.1%","32.0%","33.8%","30.5%","23.8%","26.8%","21.3%","33.4%","32.9%","33.8%","38.8%","40.2%","37.5%","46.2%","47.8%","44.9%","13.3%","13.7%","13.0%","31.6%","32.7%","30.7%","27.1%","28.1%","26.2%","28.9%","30.0%","27.9%","42.2%","41.4%","43.0%","34.9%","36.1%","33.9%","27.5%","28.4%","26.6%","43.7%","43.8%","43.5%","28.9%","29.2%","28.6%","21.5%","21.9%","21.2%","26.1%","26.9%","25.3%","28.3%","28.9%","27.7%","23.7%","24.8%","22.8%","37.3%","35.4%","39.1%","56.0%","54.7%","57.3%","21.4%","21.0%","21.7%"
"Population 25 to 34 years","61,051","33,206","27,845","232,274","118,987","113,287","77,505","39,041","38,464","77,799","38,195","39,604","641,454","327,958","313,496","65,305","32,573","32,732","78,527","37,799","40,728","225,296","118,380","106,916","167,944","85,576","82,368","142,551","73,361","69,190","123,833","62,835","60,998","126,322","60,153","66,169","124,519","61,841","62,678","66,208","33,528","32,680","48,102","23,075","25,027","57,887","27,632","30,255","78,861","39,425","39,436","510,042","252,440","257,602","133,088","64,986","68,102","56,737","28,679","28,058","57,223","27,775","29,448","104,021","49,531","54,490","126,316","61,092","65,224","85,023","41,152","43,871","81,532","42,363","39,169","49,265","25,742","23,523","83,443","41,443","42,000","39,248","18,971","20,277","1,394,302","670,016","724,286","127,539","61,504","66,035","74,607","35,568","39,039","54,428","26,638","27,790","147,584","73,423","74,161","95,266","48,604","46,662","58,856","29,859","28,997","113,210","56,704","56,506","51,109","27,160","23,949","54,059","26,075","27,984","162,247","83,273","78,974","223,937","115,195","108,742","85,613","42,523","43,090","121,017","58,427","62,590","371,133","192,520","178,613","200,645","100,431","100,214","36,831","18,251","18,580","126,233","63,427","62,806","97,359","47,471","49,888"
"High school graduate or higher","84.5%","82.4%","87.0%","79.6%","79.1%","80.2%","87.5%","86.9%","88.1%","79.3%","76.1%","82.3%","79.5%","77.9%","81.1%","83.8%","82.2%","85.3%","87.0%","85.9%","88.0%","92.0%","92.3%","91.6%","95.9%","95.6%","96.2%","85.5%","82.2%","89.1%","88.0%","87.4%","88.7%","92.7%","91.3%","94.0%","89.4%","85.0%","93.8%","84.7%","82.8%","86.6%","91.1%","87.8%","94.1%","86.5%","85.0%","87.9%","92.4%","90.6%","94.1%","87.3%","84.7%","89.8%","81.6%","79.8%","83.3%","86.7%","84.3%","89.2%","89.3%","86.3%","92.3%","83.0%","80.0%","85.7%","92.9%","92.3%","93.4%","79.2%","74.7%","83.4%","92.0%","92.1%","91.9%","77.9%","70.5%","86.0%","87.3%","88.3%","86.4%","86.9%","87.6%","86.4%","86.9%","85.7%","88.1%","85.7%","82.7%","88.6%","90.2%","89.6%","90.9%","81.8%","80.2%","83.3%","92.1%","91.2%","92.9%","85.3%","85.3%","85.2%","85.5%","83.1%","88.0%","90.1%","89.5%","90.8%","95.2%","95.0%","95.4%","84.9%","83.0%","86.6%","86.6%","85.3%","88.0%","73.8%","71.2%","76.7%","85.0%","85.1%","84.9%","82.9%","79.7%","86.0%","75.3%","72.4%","78.5%","85.5%","83.2%","87.9%","85.7%","83.0%","88.4%","95.7%","94.3%","97.1%","84.1%","82.0%","86.0%"
"Bachelor's degree or higher","22.2%","19.4%","25.5%","22.3%","20.1%","24.7%","26.3%","25.5%","27.1%","19.3%","13.7%","24.7%","35.0%","31.9%","38.3%","40.8%","33.8%","47.8%","33.2%","30.5%","35.8%","44.6%","41.4%","48.2%","71.1%","67.6%","74.8%","38.9%","35.9%","42.1%","47.9%","44.4%","51.6%","65.6%","61.4%","69.4%","24.8%","22.2%","27.3%","28.7%","25.1%","32.4%","35.5%","23.5%","46.6%","37.2%","33.9%","40.2%","55.9%","52.5%","59.3%","47.0%","42.8%","51.2%","29.0%","26.6%","31.3%","27.2%","27.7%","26.6%","40.8%","37.2%","44.2%","36.9%","35.9%","37.9%","62.0%","58.9%","64.9%","10.8%","6.0%","15.2%","54.3%","51.2%","57.8%","16.7%","14.8%","18.8%","28.5%","26.9%","30.1%","36.3%","41.4%","31.6%","45.3%","41.0%","49.2%","42.7%","38.9%","46.2%","46.8%","43.5%","49.8%","21.4%","21.5%","21.3%","40.9%","39.8%","42.0%","27.8%","27.7%","27.9%","24.7%","22.0%","27.5%","47.7%","41.9%","53.4%","49.5%","47.4%","52.0%","24.6%","23.2%","25.9%","44.4%","41.5%","47.4%","29.0%","27.4%","30.7%","22.0%","17.7%","26.3%","27.8%","25.1%","30.3%","29.9%","26.9%","33.1%","25.5%","23.6%","27.5%","36.9%","33.2%","40.5%","62.7%","57.8%","67.7%","27.6%","25.7%","29.4%"
"Population 35 to 44 years","49,725","24,383","25,342","210,096","107,214","102,882","63,207","33,802","29,405","59,875","29,588","30,287","565,451","286,718","278,733","64,385","33,785","30,600","60,995","31,068","29,927","184,449","92,721","91,728","134,797","74,558","60,239","145,949","74,065","71,884","90,540","48,608","41,932","81,404","40,502","40,902","111,429","55,300","56,129","61,912","31,278","30,634","34,819","17,830","16,989","43,790","21,201","22,589","63,455","33,607","29,848","375,634","186,686","188,948","108,085","53,678","54,407","46,943","23,824","23,119","43,013","21,702","21,311","76,272","36,893","39,379","78,615","37,895","40,720","91,606","43,338","48,268","50,313","28,506","21,807","40,124","22,060","18,064","71,887","36,227","35,660","30,636","14,909","15,727","1,152,004","559,244","592,760","113,711","56,035","57,676","58,460","28,612","29,848","49,002","24,905","24,097","110,342","54,606","55,736","75,567","38,104","37,463","47,434","22,638","24,796","90,989","47,301","43,688","33,249","16,300","16,949","52,065","26,374","25,691","118,497","62,888","55,609","167,406","88,909","78,497","84,471","40,327","44,144","108,355","54,347","54,008","296,571","156,384","140,187","171,498","83,733","87,765","24,527","13,050","11,477","99,512","52,266","47,246","73,149","35,025","38,124"
"High school graduate or higher","85.0%","85.1%","84.9%","79.0%","78.6%","79.5%","83.3%","82.3%","84.5%","74.1%","72.2%","76.0%","73.2%","72.5%","73.9%","82.9%","82.0%","83.9%","82.9%","82.3%","83.6%","85.8%","87.7%","83.8%","91.5%","92.3%","90.5%","82.9%","81.8%","84.0%","82.2%","83.5%","80.6%","91.0%","90.5%","91.4%","88.8%","87.7%","89.9%","78.0%","74.2%","81.8%","91.3%","92.4%","90.2%","88.9%","86.1%","91.6%","90.3%","91.4%","89.1%","83.5%","82.5%","84.5%","84.1%","82.8%","85.4%","85.0%","85.9%","84.0%","88.9%","86.8%","91.1%","83.8%","82.3%","85.3%","90.3%","88.6%","91.9%","80.8%","80.1%","81.5%","87.6%","86.0%","89.8%","71.3%","71.4%","71.2%","85.8%","84.3%","87.5%","83.9%","83.6%","84.1%","82.6%","81.5%","83.7%","87.8%","83.9%","91.5%","93.2%","92.4%","93.9%","80.2%","79.5%","80.9%","89.5%","87.3%","91.6%","83.4%","82.3%","84.5%","85.9%","86.2%","85.7%","89.0%","87.6%","90.4%","94.4%","94.0%","94.8%","77.4%","75.1%","79.8%","84.9%","84.6%","85.3%","70.5%","68.4%","72.9%","83.9%","84.1%","83.8%","79.3%","78.1%","80.5%","72.9%","71.2%","74.7%","82.8%","82.4%","83.2%","81.0%","77.3%","85.2%","95.2%","95.2%","95.1%","80.2%","78.9%","81.4%"
"Bachelor's degree or higher","25.0%","27.3%","22.8%","25.9%","24.2%","27.7%","24.6%","21.3%","28.4%","23.5%","24.0%","23.0%","31.6%","30.2%","33.1%","44.1%","41.3%","47.3%","28.4%","24.9%","31.9%","39.3%","40.0%","38.6%","60.2%","58.8%","61.9%","41.3%","40.3%","42.3%","46.3%","43.2%","49.8%","54.6%","56.5%","52.6%","23.4%","24.2%","22.6%","24.6%","25.7%","23.4%","34.6%","36.1%","33.1%","40.8%","43.4%","38.4%","49.4%","48.5%","50.4%","35.2%","35.1%","35.3%","27.1%","27.9%","26.4%","33.5%","32.7%","34.4%","35.7%","31.2%","40.3%","26.2%","25.6%","26.7%","47.7%","47.8%","47.7%","11.2%","7.7%","14.3%","46.9%","45.8%","48.2%","11.1%","9.8%","12.6%","33.7%","33.5%","33.9%","21.5%","19.3%","23.6%","35.5%","33.6%","37.2%","41.8%","40.1%","43.4%","48.4%","45.0%","51.6%","15.3%","14.4%","16.3%","31.6%","30.7%","32.4%","28.3%","25.8%","30.9%","31.0%","30.5%","31.4%","47.4%","44.9%","50.2%","39.1%","40.7%","37.5%","22.9%","21.1%","24.8%","45.9%","45.5%","46.3%","26.1%","24.2%","28.3%","26.8%","25.8%","27.7%","26.7%","27.7%","25.8%","27.4%","26.9%","28.0%","24.5%","23.3%","25.7%","36.8%","37.0%","36.7%","63.1%","59.3%","67.4%","19.1%","19.5%","18.6%"
"Population 45 to 64 years","105,500","51,260","54,240","329,095","160,899","168,196","121,402","57,614","63,788","100,378","48,366","52,012","880,221","428,677","451,544","95,978","46,773","49,205","109,525","51,816","57,709","299,087","149,195","149,892","206,928","108,352","98,576","235,623","117,348","118,275","135,221","68,185","67,036","139,671","67,378","72,293","215,185","102,812","112,373","100,518","49,562","50,956","53,644","26,190","27,454","82,698","41,398","41,300","93,764","46,599","47,165","608,828","291,178","317,650","203,395","97,620","105,775","95,834","48,036","47,798","90,471","43,945","46,526","156,221","73,165","83,056","128,526","61,977","66,549","183,553","85,051","98,502","90,122","45,338","44,784","59,810","27,698","32,112","137,007","65,150","71,857","65,251","30,723","34,528","2,004,472","932,279","1,072,193","169,083","79,132","89,951","90,058","41,172","48,886","107,134","51,671","55,463","172,047","81,158","90,889","140,501","69,109","71,392","99,535","47,219","52,316","144,607","71,589","73,018","70,672","34,187","36,485","86,722","41,803","44,919","165,063","82,852","82,211","259,312","127,537","131,775","148,971","69,565","79,406","163,790","82,366","81,424","476,352","236,248","240,104","312,393","148,984","163,409","34,513","16,694","17,819","155,065","79,036","76,029","132,664","62,911","69,753"
"High school graduate or higher","88.9%","88.9%","88.9%","83.6%","82.6%","84.5%","86.4%","85.6%","87.1%","73.8%","72.3%","75.2%","72.1%","72.3%","71.9%","79.2%","79.9%","78.6%","82.6%","82.8%","82.5%","87.5%","88.2%","86.7%","82.6%","84.9%","80.0%","84.1%","84.8%","83.5%","83.3%","84.7%","81.9%","85.9%","84.9%","86.9%","89.3%","88.4%","90.2%","67.6%","67.7%","67.5%","87.6%","87.4%","87.8%","86.5%","87.2%","85.8%","86.0%","86.4%","85.6%","78.9%","77.9%","79.9%","87.7%","86.1%","89.2%","87.7%","85.5%","90.0%","85.3%","83.7%","86.8%","77.4%","74.8%","79.8%","83.4%","82.6%","84.0%","80.7%","76.3%","84.4%","90.5%","90.1%","90.9%","68.9%","67.7%","69.9%","89.5%","88.8%","90.2%","86.5%","85.3%","87.7%","79.1%","78.7%","79.4%","88.9%","87.6%","90.1%","92.7%","91.6%","93.7%","80.6%","78.2%","82.9%","87.4%","88.5%","86.4%","87.6%","85.9%","89.3%","89.4%","88.7%","89.9%","90.5%","90.3%","90.7%","90.5%","88.9%","92.0%","86.9%","87.6%","86.2%","86.7%","86.0%","87.4%","74.5%","74.0%","74.9%","76.8%","78.8%","75.1%","80.6%","80.4%","80.9%","75.6%","74.1%","77.1%","81.3%","79.1%","83.3%","82.7%","82.5%","83.0%","92.5%","92.4%","92.7%","82.2%","82.3%","82.1%"
"Bachelor's degree or higher","24.3%","26.9%","21.8%","27.5%","28.9%","26.1%","26.1%","26.5%","25.7%","20.1%","21.0%","19.2%","29.0%","30.7%","27.3%","33.9%","32.4%","35.3%","26.6%","26.0%","27.2%","40.8%","41.9%","39.8%","39.5%","41.6%","37.2%","36.5%","39.7%","33.3%","35.3%","34.7%","35.9%","41.0%","42.4%","39.7%","23.9%","24.1%","23.7%","20.9%","21.4%","20.4%","29.4%","29.4%","29.3%","28.9%","29.3%","28.4%","38.9%","41.6%","36.3%","27.2%","26.2%","28.2%","27.9%","28.2%","27.5%","28.4%","25.3%","31.5%","30.7%","29.5%","31.8%","18.4%","18.1%","18.7%","34.6%","34.0%","35.2%","13.6%","9.7%","17.0%","40.4%","38.7%","42.0%","16.2%","17.0%","15.5%","34.6%","36.7%","32.8%","22.7%","25.2%","20.4%","29.3%","29.4%","29.2%","38.4%","42.2%","35.2%","47.2%","52.3%","43.0%","10.9%","10.6%","11.2%","27.8%","28.6%","27.0%","27.3%","29.1%","25.6%","32.4%","32.5%","32.3%","39.3%","40.3%","38.4%","29.5%","27.6%","31.3%","32.2%","34.4%","30.1%","44.7%","45.0%","44.5%","29.8%","30.0%","29.5%","22.5%","23.8%","21.3%","25.8%","27.1%","24.6%","28.7%","30.3%","27.2%","24.0%","25.7%","22.4%","39.9%","31.2%","48.1%","52.9%","51.9%","54.0%","20.3%","18.9%","21.6%"
"Population 65 years and over","64,627","26,809","37,818","126,416","56,867","69,549","62,280","28,134","34,146","44,759","19,358","25,401","394,113","165,496","228,617","46,159","19,790","26,369","51,008","21,560","29,448","137,460","59,295","78,165","110,341","47,840","62,501","98,586","42,754","55,832","62,679","26,265","36,414","69,427","27,668","41,759","89,653","36,697","52,956","63,380","27,378","36,002","21,029","8,969","12,060","35,517","14,767","20,750","41,347","15,371","25,976","271,468","107,849","163,619","85,202","34,236","50,966","42,892","18,615","24,277","38,623","16,013","22,610","73,001","28,591","44,410","62,998","25,413","37,585","81,822","31,996","49,826","30,800","12,906","17,894","23,333","10,058","13,275","66,229","28,161","38,068","29,659","11,519","18,140","997,346","397,276","600,070","64,072","25,612","38,460","33,634","13,684","19,950","49,009","20,224","28,785","65,905","26,481","39,424","67,549","29,036","38,513","50,468","20,757","29,711","61,881","26,186","35,695","42,163","16,681","25,482","29,456","13,090","16,366","56,225","23,548","32,677","109,193","46,703","62,490","73,766","29,628","44,138","60,169","23,522","36,647","193,082","81,207","111,875","141,931","59,023","82,908","20,142","9,386","10,756","63,032","25,836","37,196","53,353","21,486","31,867"
"High school graduate or higher","86.4%","88.7%","84.8%","80.2%","81.7%","78.9%","76.9%","75.6%","77.9%","68.7%","71.8%","66.3%","69.8%","72.3%","67.9%","71.6%","74.5%","69.4%","70.1%","70.4%","69.9%","78.9%","83.6%","75.4%","70.2%","72.8%","68.2%","71.4%","75.4%","68.3%","78.6%","78.1%","78.9%","76.7%","75.8%","77.3%","79.9%","82.0%","78.4%","42.6%","40.7%","44.0%","78.3%","76.6%","79.5%","75.0%","78.0%","72.9%","72.8%","73.6%","72.3%","66.9%","66.9%","66.9%","77.4%","79.0%","76.2%","78.4%","79.9%","77.2%","68.6%","65.5%","70.7%","59.6%","56.7%","61.4%","71.1%","70.7%","71.4%","64.3%","61.4%","66.2%","81.1%","79.4%","82.4%","48.4%","42.1%","53.1%","85.3%","85.9%","84.8%","65.1%","59.6%","68.6%","66.9%","68.9%","65.5%","80.4%","82.7%","78.9%","89.9%","92.3%","88.2%","64.0%","61.9%","65.5%","80.7%","82.0%","79.8%","83.2%","83.9%","82.7%","83.3%","81.5%","84.5%","82.5%","81.9%","82.9%","77.4%","79.8%","75.9%","81.6%","82.8%","80.7%","80.6%","82.0%","79.6%","75.0%","75.7%","74.5%","51.6%","55.9%","48.7%","72.7%","73.0%","72.5%","71.4%","71.9%","71.0%","67.1%","71.6%","63.9%","83.6%","80.8%","86.0%","84.1%","82.8%","85.0%","71.1%","70.5%","71.5%"
"Bachelor's degree or higher","17.7%","27.9%","10.5%","21.4%","27.4%","16.5%","22.8%","28.4%","18.2%","16.7%","23.4%","11.6%","26.1%","32.2%","21.6%","30.7%","33.5%","28.6%","23.2%","33.0%","16.1%","33.7%","42.9%","26.6%","29.9%","35.7%","25.4%","26.4%","33.8%","20.8%","31.2%","39.5%","25.3%","35.0%","44.4%","28.8%","23.0%","29.6%","18.4%","13.8%","13.6%","14.0%","22.2%","32.4%","14.7%","19.6%","27.6%","13.9%","29.9%","39.2%","24.4%","18.7%","21.8%","16.7%","19.4%","25.7%","15.3%","19.1%","24.9%","14.7%","24.6%","27.6%","22.4%","16.4%","18.4%","15.1%","24.6%","29.7%","21.1%","10.4%","10.3%","10.5%","27.3%","35.8%","21.3%","7.0%","2.3%","10.5%","29.2%","37.5%","23.1%","12.4%","16.9%","9.5%","22.7%","26.8%","19.9%","26.5%","37.1%","19.4%","38.7%","51.3%","30.0%","7.7%","10.7%","5.6%","21.1%","29.6%","15.3%","24.3%","29.3%","20.6%","24.9%","35.4%","17.6%","31.3%","37.0%","27.1%","23.0%","30.5%","18.1%","26.8%","34.5%","20.7%","34.0%","43.6%","27.1%","30.9%","41.3%","23.2%","12.9%","18.1%","9.4%","22.0%","28.5%","17.8%","25.7%","33.8%","19.8%","19.7%","26.4%","15.0%","34.1%","45.3%","24.3%","38.6%","46.0%","33.5%","15.7%","19.2%","13.4%"
"POVERTY RATE FOR THE POPULATION 25 YEARS AND OVER FOR WHOM POVERTY STATUS IS DETERMINED BY EDUCATIONAL ATTAINMENT LEVEL","","","","","","","","","","","","","","","","","","","","","","","","","","","","","","","","","","","","","","","","","","","","","","","","","","","","","","","","","","","","","","","","","","","","","","","","","","","","","","","","","","","","","","","","","","","","","","","","","","","","","","","","","","","","","","","","","","","","","","","","","","","","","","","","","","","","","","","","","","","","",""
"    Less than high school graduate","22.2%","20.2%","24.0%","36.2%","36.1%","36.3%","31.0%","30.5%","31.6%","41.1%","39.8%","42.4%","30.0%","25.9%","33.9%","33.2%","30.6%","35.6%","30.3%","26.7%","33.5%","31.4%","27.2%","34.6%","20.4%","15.3%","24.4%","20.3%","18.0%","22.5%","36.1%","33.9%","38.1%","29.4%","21.5%","37.0%","31.4%","33.4%","29.2%","41.6%","40.2%","42.9%","30.0%","34.5%","25.2%","33.4%","31.8%","34.9%","41.2%","33.5%","47.6%","30.7%","26.8%","34.5%","34.2%","31.3%","37.1%","28.6%","30.9%","26.1%","39.9%","33.1%","47.6%","31.6%","25.6%","37.6%","38.2%","33.6%","42.6%","44.0%","41.3%","46.8%","47.0%","35.9%","59.5%","32.4%","25.6%","39.7%","31.6%","25.1%","37.6%","40.6%","41.3%","40.0%","30.8%","24.5%","36.1%","30.7%","22.7%","39.8%","42.9%","38.9%","46.8%","40.7%","33.3%","48.0%","35.9%","30.6%","40.7%","24.6%","21.3%","28.1%","31.5%","28.4%","34.6%","32.7%","29.4%","36.2%","31.1%","24.4%","35.7%","21.3%","17.9%","24.8%","37.4%","27.9%","47.8%","30.0%","23.4%","37.2%","32.0%","29.7%","33.6%","25.6%","20.6%","30.8%","31.7%","26.7%","37.3%","28.8%","22.4%","34.8%","33.5%","31.0%","36.6%","29.2%","28.7%","29.8%","35.4%","29.4%","41.1%"
"    High school graduate (includes equivalency)","10.8%","10.4%","11.2%","22.2%","21.3%","23.2%","20.9%","18.7%","22.7%","23.9%","24.4%","23.5%","19.7%","16.7%","22.8%","24.2%","22.7%","25.9%","21.9%","23.1%","20.7%","18.4%","18.0%","18.8%","15.9%","15.1%","16.5%","13.6%","13.1%","14.0%","21.7%","18.9%","24.5%","23.6%","20.0%","26.7%","16.4%","16.6%","16.2%","29.2%","22.8%","35.6%","21.3%","20.5%","22.1%","21.8%","19.1%","24.4%","29.0%","24.3%","33.7%","22.4%","20.6%","24.2%","17.7%","16.3%","19.0%","16.2%","14.6%","17.7%","24.1%","18.3%","29.7%","24.2%","21.4%","26.6%","19.5%","15.2%","23.5%","30.9%","25.5%","36.7%","26.4%","25.6%","27.3%","24.8%","20.7%","28.9%","15.1%","14.1%","16.1%","23.2%","22.1%","24.2%","18.7%","15.8%","21.2%","17.2%","14.9%","19.3%","15.2%","11.0%","18.4%","24.7%","21.6%","27.6%","16.9%","14.2%","19.7%","15.8%","14.6%","17.0%","18.7%","18.7%","18.8%","17.5%","20.5%","14.6%","18.6%","14.7%","22.0%","13.1%","10.0%","15.6%","18.8%","18.9%","18.7%","22.2%","17.2%","26.9%","17.3%","14.5%","19.7%","17.5%","16.7%","18.2%","20.0%","17.6%","22.3%","15.9%","14.0%","17.4%","22.0%","25.2%","18.9%","21.0%","24.5%","17.3%","22.5%","22.5%","22.5%"
"    Some college or associate's degree","9.2%","7.5%","10.5%","12.4%","9.7%","14.8%","17.0%","16.0%","18.0%","15.8%","12.2%","18.9%","13.6%","12.0%","14.9%","16.8%","15.3%","18.4%","13.1%","10.1%","15.6%","11.4%","8.8%","13.9%","12.4%","14.6%","9.7%","8.5%","8.4%","8.7%","15.4%","14.8%","16.2%","13.0%","8.0%","16.5%","9.5%","6.3%","11.9%","23.4%","22.1%","24.4%","14.7%","15.3%","14.1%","15.8%","10.5%","19.8%","22.6%","18.0%","26.3%","16.9%","13.5%","19.6%","11.3%","9.4%","12.8%","11.0%","9.5%","12.4%","19.4%","12.5%","25.1%","15.8%","11.5%","18.8%","18.0%","14.0%","21.2%","26.9%","24.2%","28.8%","16.9%","14.3%","19.5%","19.1%","9.4%","26.4%","12.1%","10.4%","13.5%","21.7%","14.0%","27.0%","13.7%","10.6%","16.4%","11.9%","9.0%","13.8%","11.1%","7.5%","14.0%","24.5%","23.0%","25.6%","14.4%","12.4%","16.0%","11.4%","8.0%","14.3%","14.3%","10.8%","16.9%","17.2%","15.2%","19.1%","16.0%","12.1%","19.1%","7.1%","4.6%","9.4%","11.7%","10.9%","12.6%","12.9%","10.8%","14.7%","12.7%","10.3%","15.1%","10.3%","7.1%","12.9%","14.1%","10.6%","17.0%","10.4%","8.6%","12.0%","14.5%","14.1%","14.8%","13.1%","13.2%","13.0%","17.7%","13.5%","20.6%"
"    Bachelor's degree or higher","4.4%","3.9%","5.1%","4.7%","3.8%","5.6%","6.1%","5.8%","6.4%","5.5%","5.7%","5.4%","7.3%","7.4%","7.3%","6.4%","7.0%","5.9%","6.2%","7.7%","4.9%","5.2%","5.7%","4.8%","6.3%","6.1%","6.4%","3.4%","3.3%","3.6%","5.6%","5.2%","6.0%","6.6%","7.0%","6.3%","5.5%","5.6%","5.4%","14.7%","10.8%","18.3%","4.0%","2.9%","4.9%","5.4%","6.2%","4.5%","7.2%","6.7%","7.8%","6.6%","5.4%","7.6%","4.9%","4.6%","5.3%","4.3%","5.4%","3.2%","8.5%","8.2%","8.8%","6.5%","7.9%","5.3%","6.8%","5.2%","8.2%","9.2%","10.0%","8.8%","6.0%","6.5%","5.5%","13.8%","15.9%","12.1%","5.6%","6.0%","5.3%","7.9%","6.8%","8.9%","7.0%","6.6%","7.4%","4.0%","3.5%","4.5%","4.5%","4.7%","4.2%","8.4%","9.0%","7.8%","6.2%","5.8%","6.6%","2.5%","1.8%","3.2%","5.4%","6.4%","4.5%","7.5%","7.7%","7.4%","7.8%","7.1%","8.6%","3.5%","4.0%","3.0%","6.0%","5.3%","6.7%","4.7%","4.8%","4.6%","4.7%","3.2%","6.1%","4.6%","4.2%","5.0%","5.5%","4.4%","6.5%","5.2%","5.6%","4.9%","8.4%","10.9%","6.1%","5.9%","6.0%","5.8%","5.5%","5.7%","5.4%"
"MEDIAN EARNINGS IN THE PAST 12 MONTHS (IN 2010 INFLATION-ADJUSTED DOLLARS)","","","","","","","","","","","","","","","","","","","","","","","","","","","","","","","","","","","","","","","","","","","","","","","","","","","","","","","","","","","","","","","","","","","","","","","","","","","","","","","","","","","","","","","","","","","","","","","","","","","","","","","","","","","","","","","","","","","","","","","","","","","","","","","","","","","","","","","","","","","","",""
"    Population 25 years and over with earnings","31,165","35,082","27,267","32,058","34,995","30,422","26,845","30,497","24,170","26,413","29,780","22,829","30,072","31,110","27,230","35,437","37,201","33,155","35,155","39,734","32,093","40,069","43,937","33,077","46,987","50,772","42,736","42,137","50,141","36,833","35,786","39,498","32,412","49,512","50,562","47,567","32,027","36,745","29,260","21,006","21,886","18,943","26,374","30,527","24,359","32,066","38,862","27,932","35,857","41,027","31,593","34,741","37,154","31,415","29,923","31,822","27,294","31,356","36,182","27,336","31,402","36,004","27,308","31,986","35,318","30,907","41,551","45,235","39,360","24,709","25,552","23,982","36,165","38,527","32,980","26,983","30,110","25,300","33,294","39,084","28,932","27,579","30,570","25,726","36,766","40,145","34,518","34,094","37,251","31,452","34,898","39,853","31,494","24,463","27,083","21,771","31,770","35,722","29,940","30,340","35,298","25,301","29,291","31,946","24,529","31,616","35,658","27,908","30,148","32,569","26,363","31,777","36,361","28,402","33,102","36,466","31,149","29,273","30,706","26,775","25,829","31,774","20,665","32,266","37,986","29,068","30,241","31,980","26,012","29,783","31,629","26,843","26,530","28,422","25,496","42,067","49,452","36,958","27,676","30,244","26,074"
"    Less than high school graduate","16,942","17,914","15,584","18,374","20,637","15,355","16,628","19,098","14,151","14,035","15,340","11,953","16,264","18,380","13,480","16,981","19,916","12,156","17,558","19,319","16,853","17,004","20,204","15,113","19,781","21,671","18,038","21,164","22,994","17,027","16,570","18,351","12,240","22,249","23,223","21,056","17,329","18,763","15,480","13,521","15,427","12,221","14,937","16,159","13,385","17,013","18,839","15,934","16,898","19,804","15,552","19,244","21,131","16,049","17,559","18,398","15,601","18,933","21,539","15,359","15,210","16,180","13,289","20,202","22,447","15,566","20,537","21,353","18,660","15,005","14,503","15,901","20,412","21,739","12,206","21,592","25,736","15,797","18,178","20,909","13,887","11,920","11,648","12,257","19,446","21,575","15,689","17,005","17,018","16,972","14,204","17,004","11,524","13,803","15,265","11,659","17,392","20,986","14,872","17,299","19,742","12,214","17,777","20,305","16,337","19,754","22,867","15,551","16,220","21,102","9,248","19,121","21,926","13,555","16,758","18,800","13,695","17,505","20,010","12,841","14,797","17,874","11,509","18,913","21,102","12,428","17,338","20,717","12,413","18,379","21,471","15,537","19,407","20,057","18,122","21,457","22,882","20,287","17,610","20,732","13,071"
"    High school graduate (includes equivalency)","26,196","29,897","23,025","24,837","26,784","22,492","22,249","23,940","21,612","21,675","26,108","19,376","23,224","25,850","20,153","21,465","22,613","20,505","26,661","26,813","26,467","26,068","30,539","21,102","26,295","27,174","24,338","26,374","30,806","22,350","22,658","24,865","20,849","31,309","31,429","31,172","27,946","31,058","25,650","16,278","19,038","14,101","21,248","22,059","20,022","24,693","25,933","22,804","19,052","21,244","17,271","22,749","25,498","21,138","22,208","26,096","20,257","26,330","30,930","22,420","22,567","30,250","17,516","26,250","27,511","25,433","29,719","32,054","25,708","21,787","24,445","20,573","20,956","22,795","17,395","24,561","28,254","22,070","26,954","30,781","23,180","23,273","26,013","21,259","27,045","30,714","23,562","23,892","25,102","21,646","22,183","26,201","20,060","21,570","26,200","19,245","26,693","30,141","23,897","23,631","26,999","18,888","21,488","25,803","18,581","25,239","26,857","23,037","21,991","25,526","19,266","25,095","30,635","20,474","22,495","23,278","21,967","23,264","26,071","20,025","20,689","24,193","16,003","28,546","31,739","22,380","23,406","26,144","20,271","23,395","25,948","20,928","20,584","20,962","19,952","27,419","30,627","25,227","24,337","25,966","22,684"
"    Some college or associate's degree","31,249","36,680","27,311","32,294","36,299","30,102","26,727","30,696","23,391","28,772","32,321","25,201","31,582","34,608","30,344","34,838","40,218","31,075","32,634","39,506","30,206","35,081","38,122","30,835","37,522","37,030","38,644","39,912","45,429","32,968","31,791","33,366","30,625","35,530","35,649","35,360","31,251","37,734","27,424","25,289","26,299","24,368","24,485","31,035","21,881","31,061","38,257","26,674","24,581","31,432","21,072","31,007","35,235","27,145","29,129","31,571","26,964","30,123","35,303","25,577","29,272","35,410","25,243","32,031","36,553","31,153","34,967","38,454","31,469","25,354","30,055","23,022","30,867","32,288","26,692","28,281","30,238","27,691","31,445","37,215","27,058","28,435","30,731","26,674","35,368","39,973","31,784","30,828","34,449","29,053","31,046","34,301","27,657","25,495","27,009","23,978","30,646","34,986","27,161","29,254","35,084","24,471","27,170","31,233","23,679","27,004","30,223","24,621","26,396","30,750","23,903","31,384","37,552","28,607","30,731","31,651","29,543","30,796","31,923","29,023","27,503","35,510","21,453","32,250","40,131","29,552","30,313","32,413","26,510","30,360","34,166","26,988","24,169","25,315","22,258","31,819","36,590","28,481","26,973","30,385","25,333"
"    Bachelor's degree","43,655","50,482","36,667","50,441","60,051","42,983","38,089","43,013","31,735","45,342","50,666","40,282","46,188","50,753","41,953","47,629","50,773","45,630","48,869","53,374","43,887","52,004","61,671","42,324","60,073","65,080","52,230","65,116","74,840","54,933","46,609","51,581","41,873","56,869","61,407","54,340","43,444","50,369","39,109","40,488","50,587","36,333","41,132","53,136","35,377","46,787","56,558","37,944","50,536","57,586","42,587","48,866","54,689","42,442","41,819","51,096","37,113","41,801","51,690","36,601","41,640","44,610","39,972","47,617","54,826","42,346","51,149","56,117","47,355","38,624","44,032","36,087","43,251","50,150","41,029","38,875","38,025","40,536","44,571","51,578","40,531","35,965","41,018","31,616","51,097","55,074","47,760","46,351","60,386","38,488","45,490","51,893","41,041","40,699","43,491","37,219","41,662","46,567","35,964","41,772","50,790","36,120","39,998","44,778","36,773","40,641","46,810","33,324","37,421","42,305","32,716","47,763","52,380","43,867","46,491","55,090","38,834","50,308","55,975","43,860","42,813","47,332","37,722","50,892","61,066","43,142","50,495","60,015","45,612","46,169","50,867","42,807","35,431","41,765","29,776","48,977","56,100","41,515","40,611","43,668","36,832"
"    Graduate or professional degree","61,242","78,075","52,467","64,637","75,847","56,234","45,745","46,897","43,909","57,999","61,419","55,171","65,639","75,749","57,991","70,456","79,038","61,883","62,095","67,755","57,284","71,934","87,242","60,166","80,370","95,593","69,837","93,238","110,048","69,315","64,497","71,848","57,737","77,482","85,011","71,327","57,512","73,959","48,013","54,102","60,522","50,372","55,773","71,757","47,035","67,891","91,017","49,649","65,128","80,136","56,839","62,352","73,920","55,585","57,167","71,119","51,005","57,286","67,736","51,748","53,985","62,099","50,541","57,350","61,375","54,915","65,126","75,435","60,688","51,519","50,732","51,747","59,174","67,414","51,380","50,406","45,305","53,793","52,841","64,755","46,398","51,695","51,398","51,805","67,859","77,208","61,836","61,717","78,116","51,525","55,106","70,521","45,664","46,649","49,783","45,088","52,446","60,758","50,031","58,390","72,482","48,883","51,898","75,806","42,096","55,134","67,767","46,659","51,813","58,263","50,167","61,091","63,953","56,873","60,571","76,457","49,527","70,596","87,090","55,239","56,902","70,275","51,254","63,140","76,727","51,855","67,082","86,557","51,580","61,019","68,714","52,058","52,414","61,181","51,608","61,988","76,926","53,931","52,989","57,139","51,451"
"PERCENT IMPUTED","","","","","","","","","","","","","","","","","","","","","","","","","","","","","","","","","","","","","","","","","","","","","","","","","","","","","","","","","","","","","","","","","","","","","","","","","","","","","","","","","","","","","","","","","","","","","","","","","","","","","","","","","","","","","","","","","","","","","","","","","","","","","","","","","","","","","","","","","","","","",""
"    Educational attainment","8.5%","(X)","(X)","8.9%","(X)","(X)","5.8%","(X)","(X)","8.8%","(X)","(X)","7.3%","(X)","(X)","6.9%","(X)","(X)","5.1%","(X)","(X)","5.0%","(X)","(X)","6.7%","(X)","(X)","6.9%","(X)","(X)","5.4%","(X)","(X)","7.1%","(X)","(X)","8.3%","(X)","(X)","7.0%","(X)","(X)","9.2%","(X)","(X)","5.8%","(X)","(X)","8.1%","(X)","(X)","5.7%","(X)","(X)","3.4%","(X)","(X)","3.4%","(X)","(X)","4.3%","(X)","(X)","6.2%","(X)","(X)","7.0%","(X)","(X)","8.2%","(X)","(X)","3.2%","(X)","(X)","8.4%","(X)","(X)","6.3%","(X)","(X)","4.8%","(X)","(X)","8.4%","(X)","(X)","3.6%","(X)","(X)","4.5%","(X)","(X)","4.8%","(X)","(X)","3.6%","(X)","(X)","4.5%","(X)","(X)","5.2%","(X)","(X)","3.5%","(X)","(X)","5.5%","(X)","(X)","4.6%","(X)","(X)","5.4%","(X)","(X)","6.5%","(X)","(X)","3.5%","(X)","(X)","3.8%","(X)","(X)","5.9%","(X)","(X)","4.9%","(X)","(X)","2.0%","(X)","(X)","4.2%","(X)","(X)","5.8%","(X)","(X)"